Journal,Volume,Issue,Publication Year,Title,Authors,Author Affiliations,Pages,Type,DOI,PDF Link,Citations
Developmental Science,7, 1,2004,12- and 18-month-old infants follow gaze to spaces behind barriers,"Henrike Moll, Michael Tomasello","Department of Psychology, Max Planck Institute for Evolutionary Anthropology, Germany; Department of Psychology, Max Planck Institute for Evolutionary Anthropology, Germany",F1-F9,FAST-TRACK REPORT,https://onlinelibrary.wiley.com/doi/10.1111/j.1467-7687.2004.00315.x,https://onlinelibrary.wiley.com/doi/epdf/10.1111/j.1467-7687.2004.00315.x,Citations: 186
Developmental Science,7, 1,2004,A longitudinal study of gender-related cognition and behaviour,"Anne Campbell, Louisa Shirley, Julia Candy","Department of Psychology, Durham University, UK; Newcastle, North Tyneside & Northumberland Mental Health Trust, UK; Faculty of Social and Political Sciences, Cambridge University, UK",1-9,REPORTS,https://onlinelibrary.wiley.com/doi/10.1111/j.1467-7687.2004.00316.x,https://onlinelibrary.wiley.com/doi/epdf/10.1111/j.1467-7687.2004.00316.x,Citations: 28
Developmental Science,7, 1,2004,Hemispheric asymmetries in children's perception of nonlinguistic human affective sounds,"Seth D. Pollak, Lori L. Holt, Alison B. Wismer Fries","Department of Psychology, University of Wisconsin at Madison, USA; Department of Psychology, Carnegie Mellon University and the Center for the Neural Basis of Cognition, USA; Department of Psychology and Waisman Center, University of Wisconsin at Madison, USA",10-18,REPORTS,https://onlinelibrary.wiley.com/doi/10.1111/j.1467-7687.2004.00317.x,https://onlinelibrary.wiley.com/doi/epdf/10.1111/j.1467-7687.2004.00317.x,Citations: 8
Developmental Science,7, 1,2004,When left means right: an explanation of the left cradling bias in terms of right hemisphere specializations,"Victoria J. Bourne, Brenda K. Todd","Department of Psychology, School of Life Sciences, University of Sussex, UK; Department of Psychology, School of Life Sciences, University of Sussex, UK",19-24,REPORTS,https://onlinelibrary.wiley.com/doi/10.1111/j.1467-7687.2004.00318.x,https://onlinelibrary.wiley.com/doi/epdf/10.1111/j.1467-7687.2004.00318.x,Citations: 86
Developmental Science,7, 1,2004,"Task orientation, parental warmth and SES account for a significant proportion of the shared environmental variance in general cognitive ability in early childhood: evidence from a twin study","Stephen A. Petrill, Kirby Deater-Deckard","Department of Biobehavioral Health, Center for Developmental and Health Genetics, The Pennsylvania State University, USA; Department of Psychology, University of Oregon, USA",25-32,REPORTS,https://onlinelibrary.wiley.com/doi/10.1111/j.1467-7687.2004.00319.x,https://onlinelibrary.wiley.com/doi/epdf/10.1111/j.1467-7687.2004.00319.x,Citations: 38
Developmental Science,7, 1,2004,Two-year-olds’ sensitivity to speakers’ intent: an alternative account of Samuelson and Smith,"Gil Diesendruck, Lori Markson, Nameera Akhtar, Ayelet Reudor","Department of Psychology, Bar-Ilan University, Israel; Department of Psychology, University of California at Berkeley, USA; Department of Psychology, University of California at Santa Cruz, USA; Department of Psychology, Bar-Ilan University, Israel",33-41,REPORTS,https://onlinelibrary.wiley.com/doi/10.1111/j.1467-7687.2004.00320.x,https://onlinelibrary.wiley.com/doi/epdf/10.1111/j.1467-7687.2004.00320.x,Citations: 48
Developmental Science,7, 1,2004,Auditory–oral matching behavior in newborns,"Xin Chen, Tricia Striano, Hannes Rakoczy","Department of Psychology, University of Connecticut, USA; Junior Research Group for Cultural Ontogeny, Max-Planck-Institute for Evolutionary Anthropology, Leipzig, Germany; Junior Research Group for Cultural Ontogeny, Max-Planck-Institute for Evolutionary Anthropology, Leipzig, Germany",42-47,REPORTS,https://onlinelibrary.wiley.com/doi/10.1111/j.1467-7687.2004.00321.x,https://onlinelibrary.wiley.com/doi/epdf/10.1111/j.1467-7687.2004.00321.x,Citations: 40
Developmental Science,7, 1,2004,"Training 2;6-year-olds to produce the transitive construction: the role of frequency, semantic similarity and shared syntactic distribution","Kirsten Abbot-Smith, Elena Lieven, Michael Tomasello","Department of Psychology, Max Planck Institute for Evolutionary Anthropology, Germany; Department of Psychology, Max Planck Institute for Evolutionary Anthropology, Germany; Department of Psychology, Max Planck Institute for Evolutionary Anthropology, Germany",48-55,REPORTS,https://onlinelibrary.wiley.com/doi/10.1111/j.1467-7687.2004.00322.x,https://onlinelibrary.wiley.com/doi/epdf/10.1111/j.1467-7687.2004.00322.x,Citations: 23
Developmental Science,7, 1,2004,Reorganization in coping behavior at 1½ years: dynamic systems and normative change,"Marc D. Lewis, Sara Zimmerman, Tom Hollenstein, Alex V. Lamey","Department of Human Development and Applied Psychology, Ontario Institute for Studies in Education, University of Toronto, Canada; Hincks-Dellcrest Treatment Centre, Toronto, Canada; Department of Human Development and Applied Psychology, Ontario Institute for Studies in Education, University of Toronto, Canada; Department of Human Development and Applied Psychology, Ontario Institute for Studies in Education, University of Toronto, Canada",56-73,PAPERS,https://onlinelibrary.wiley.com/doi/10.1111/j.1467-7687.2004.00323.x,https://onlinelibrary.wiley.com/doi/epdf/10.1111/j.1467-7687.2004.00323.x,Citations: 40
Developmental Science,7, 1,2004,Effect of visual experience on face processing: a developmental study of inversion and non-native effects,"Sandy Sangrigoli, Scania De Schonen","Developmental Neurocognition Unit, LCD, CNRS-Paris 5 and Laboratory of Physiology and Developmental Neurology, Robert Debré Hospital, Paris, France; Developmental Neurocognition Unit, LCD, CNRS-Paris 5 and Laboratory of Physiology and Developmental Neurology, Robert Debré Hospital, Paris, France",74-87,PAPERS,https://onlinelibrary.wiley.com/doi/10.1111/j.1467-7687.2004.00324.x,https://onlinelibrary.wiley.com/doi/epdf/10.1111/j.1467-7687.2004.00324.x,Citations: 132
Developmental Science,7, 1,2004,The impact of child maltreatment on expressive syntax at 60 months,"Inge-Marie Eigsti, Dante Cicchetti","Department of Clinical and Social Sciences in Psychology, University of Rochester, USA; Mount Hope Family Center and Department of Clinical and Social Sciences in Psychology, University of Rochester, USA",88-102,PAPERS,https://onlinelibrary.wiley.com/doi/10.1111/j.1467-7687.2004.00325.x,https://onlinelibrary.wiley.com/doi/epdf/10.1111/j.1467-7687.2004.00325.x,Citations: 112
Developmental Science,7, 1,2004,"A longitudinal, microgenetic study of the emergence of false belief understanding and inhibition skills","Emma Flynn, Claire O'Malley, David Wood","School of Psychology, University of St Andrews, UK; School of Psychology, University of Nottingham, UK; School of Psychology, University of Nottingham, UK",103-115,PAPERS,https://onlinelibrary.wiley.com/doi/10.1111/j.1467-7687.2004.00326.x,https://onlinelibrary.wiley.com/doi/epdf/10.1111/j.1467-7687.2004.00326.x,Citations: 181
Developmental Science,7, 1,2004,Visual search in typically developing toddlers and toddlers with Fragile X or Williams syndrome,"Gaia Scerif, Kim Cornish, John Wilding, Jon Driver, Annette Karmiloff-Smith","Neurocognitive Development Unit, Institute of Child Health, University College London, UK; School of Psychology, University of Nottingham, UK; Department of Child and Adolescent Psychiatry, University of Nottingham, UK; Department of Psychology, Royal Holloway, University of London, UK; Institute of Cognitive Neuroscience, University College London, UK; Neurocognitive Development Unit, Institute of Child Health, University College London, UK",116-130,PAPERS,https://onlinelibrary.wiley.com/doi/10.1111/j.1467-7687.2004.00327.x,https://onlinelibrary.wiley.com/doi/epdf/10.1111/j.1467-7687.2004.00327.x,Citations: 136
Developmental Science,7, 2,N/A,Elizabeth Bates: a scientific obituary,"Frederick Dick, Jeff Elman, Joan Stiles",N/A,iii-iv,Elizabeth Bates: a scientific obituary,https://onlinelibrary.wiley.com/doi/10.1111/j.1467-7687.2004.00328.x,https://onlinelibrary.wiley.com/doi/epdf/10.1111/j.1467-7687.2004.00328.x,N/A
Developmental Science,7, 2,2004,Beyond backprop: emerging trends in connectionist models of development: an introduction,"Matthew Schlesinger, Domenico Parisi","Department of Psychology, Southern Illinois University Carbondale, USA; National Research Council, Rome, Italy",131-132,SPECIAL SECTION,https://onlinelibrary.wiley.com/doi/10.1111/j.1467-7687.2004.00329.x,https://onlinelibrary.wiley.com/doi/epdf/10.1111/j.1467-7687.2004.00329.x,Citations: 8
Developmental Science,7, 2,2004,Autoassociator networks: insights into infant cognition,Sylvain Sirois,"Department of Psychology, University of Manchester, UK",133-140,SPECIAL SECTION,https://onlinelibrary.wiley.com/doi/10.1111/j.1467-7687.2004.00330.x,https://onlinelibrary.wiley.com/doi/epdf/10.1111/j.1467-7687.2004.00330.x,Citations: 8
Developmental Science,7, 2,2004,Hebbian learning and development,"Yuko Munakata, Jason Pfaffly","Department of Psychology, University of Colorado Boulder, USA; Department of Psychology, University of Colorado Boulder, USA",141-148,SPECIAL SECTION,https://onlinelibrary.wiley.com/doi/10.1111/j.1467-7687.2004.00331.x,https://onlinelibrary.wiley.com/doi/epdf/10.1111/j.1467-7687.2004.00331.x,Citations: 88
Developmental Science,7, 2,2004,Modeling developmental transitions in adaptive resonance theory,"Maartje E.J. Raijmakers, Peter C.M. Molenaar","Department of Developmental Psychology, University of Amsterdam, The Netherlands; Department of Developmental Psychology, University of Amsterdam, The Netherlands",149-157,SPECIAL SECTION,https://onlinelibrary.wiley.com/doi/10.1111/j.1467-7687.2004.00332.x,https://onlinelibrary.wiley.com/doi/epdf/10.1111/j.1467-7687.2004.00332.x,Citations: 13
Developmental Science,7, 2,2004,Evolving agents as a metaphor for the developing child,Matthew Schlesinger,"Department of Psychology, Southern Illinois University Carbondale, USA",158-164,SPECIAL SECTION,https://onlinelibrary.wiley.com/doi/10.1111/j.1467-7687.2004.00333.x,https://onlinelibrary.wiley.com/doi/epdf/10.1111/j.1467-7687.2004.00333.x,Citations: 33
Developmental Science,7, 2,N/A,Commentary: new kids on the connectionist modeling block,David Klahr,N/A,165-166,SPECIAL SECTION,https://onlinelibrary.wiley.com/doi/10.1111/j.1467-7687.2004.00334.x,https://onlinelibrary.wiley.com/doi/epdf/10.1111/j.1467-7687.2004.00334.x,N/A
Developmental Science,7, 2,2004,‘Core Knowledges’: a dissociation between spatiotemporal knowledge and contact-mechanics in a non-human primate?,Laurie R. Santos,"Department of Psychology, Harvard University, USA",167-174,REPORTS,https://onlinelibrary.wiley.com/doi/10.1111/j.1467-7687.2004.00335.x,https://onlinelibrary.wiley.com/doi/epdf/10.1111/j.1467-7687.2004.00335.x,Citations: 40
Developmental Science,7, 2,2004,Perception of serial order in infants,David J. Lewkowicz,"Department of Psychology, Florida Atlantic University, USA",175-184,REPORTS,https://onlinelibrary.wiley.com/doi/10.1111/j.1467-7687.2004.00336.x,https://onlinelibrary.wiley.com/doi/epdf/10.1111/j.1467-7687.2004.00336.x,Citations: 61
Developmental Science,7, 2,2004,A test of the generality of perceptually based categories found in infants: attentional differences toward natural kinds by New World monkeys,"Julie J. Neiworth, Richard R. Parsons, Janice M. Hassett","Department of Psychology, Carleton College, USA; Department of Psychology, Carleton College, USA; Department of Psychology, Carleton College, USA",185-193,REPORTS,https://onlinelibrary.wiley.com/doi/10.1111/j.1467-7687.2004.00337.x,https://onlinelibrary.wiley.com/doi/epdf/10.1111/j.1467-7687.2004.00337.x,Citations: 2
Developmental Science,7, 2,2004,The dynamics of infant visual foraging,"Steven S. Robertson, John Guckenheimer, Amy M. Masnick, Leigh F. Bacher","Department of Human Development, Cornell University, USA; Department of Mathematics, Center for Applied Mathematics, Cornell University, USA; Department of Psychology, Hofstra University, USA; Department of Psychology, State University of New York, Oswego, USA",194-200,REPORTS,https://onlinelibrary.wiley.com/doi/10.1111/j.1467-7687.2004.00338.x,https://onlinelibrary.wiley.com/doi/epdf/10.1111/j.1467-7687.2004.00338.x,Citations: 21
Developmental Science,7, 2,2004,Origins of a stereotype: categorization of facial attractiveness by 6-month-old infants,"Jennifer L. Ramsey, Judith H. Langlois, Rebecca A. Hoss, Adam J. Rubenstein, Angela M. Griffin","Department of Psychology, The University of Texas at Austin, USA; Now at Department of Psychology, University of Nevada Las Vegas, USA; Department of Psychology, The University of Texas at Austin, USA; Department of Psychology, The University of Texas at Austin, USA; Now at College of Saint Mary, USA; Department of Psychology, The University of Texas at Austin, USA; Now at Department of Psychology, College of William and Mary, USA; Department of Psychology, The University of Texas at Austin, USA",201-211,PAPERS,https://onlinelibrary.wiley.com/doi/10.1111/j.1467-7687.2004.00339.x,https://onlinelibrary.wiley.com/doi/epdf/10.1111/j.1467-7687.2004.00339.x,Citations: 66
Developmental Science,7, 2,2004,The language-specific nature of grammatical development: evidence from bilingual language learners,"Virginia A. Marchman, Carmen Martínez-Sussmann, Philip S. Dale","School of Behavioral and Brain Sciences, The University of Texas at Dallas, USA; American Institutes for Research, Palo Alto, USA; Department of Communication Sciences and Disorders, University of Missouri-Columbia, USA",212-224,PAPERS,https://onlinelibrary.wiley.com/doi/10.1111/j.1467-7687.2004.00340.x,https://onlinelibrary.wiley.com/doi/epdf/10.1111/j.1467-7687.2004.00340.x,Citations: 177
Developmental Science,7, 2,2004,Changes in reality monitoring and episodic memory in early childhood,"Julia Sluzenski, Nora Newcombe, Wendy Ottinger","Department of Psychology, Temple University, USA; Department of Psychology, Temple University, USA; Department of Psychology, Temple University, USA",225-245,PAPERS,https://onlinelibrary.wiley.com/doi/10.1111/j.1467-7687.2004.00341.x,https://onlinelibrary.wiley.com/doi/epdf/10.1111/j.1467-7687.2004.00341.x,Citations: 52
Developmental Science,7, 2,2004,Face inversion and contrast-reversal effects across development: in contrast to the expertise theory,"Roxane J. Itier, Margot J. Taylor","The Rotman Research Institute, Baycrest Centre, Toronto, Canada; CerCo-CNRS – UMR 5549, Université Paul Sabatier, Toulouse, France",246-260,PAPERS,https://onlinelibrary.wiley.com/doi/10.1111/j.1467-7687.2004.00342.x,https://onlinelibrary.wiley.com/doi/epdf/10.1111/j.1467-7687.2004.00342.x,Citations: 42
Developmental Science,7, 3,2004,Is visual reference necessary? Contributions of facial versus vocal cues in 12-month-olds’ social referencing behavior,"Amrisha Vaish, Tricia Striano","Department of Cultural Ontogeny, Max Planck Institute for Evolutionary Anthropology, Germany; Department of Cultural Ontogeny, Max Planck Institute for Evolutionary Anthropology, Germany",261-269,REPORTS,https://onlinelibrary.wiley.com/doi/10.1111/j.1467-7687.2004.00344.x,https://onlinelibrary.wiley.com/doi/epdf/10.1111/j.1467-7687.2004.00344.x,Citations: 102
Developmental Science,7, 3,2004,Tuned to the signal: the privileged status of speech for young infants,"Athena Vouloumanos, Janet F. Werker","Department of Psychology, University of British Columbia, Canada; Department of Psychology, University of British Columbia, Canada",270-276,REPORTS,https://onlinelibrary.wiley.com/doi/10.1111/j.1467-7687.2004.00345.x,https://onlinelibrary.wiley.com/doi/epdf/10.1111/j.1467-7687.2004.00345.x,Citations: 164
Developmental Science,7, 3,2004,Young children who abandon error behaviourally still have to free themselves mentally: a retrospective test for inhibition in intuitive physics,"Norman H. Freeman, Bruce M. Hood, Caroline Meehan","Department of Experimental Psychology, University of Bristol, UK; Department of Experimental Psychology, University of Bristol, UK; Department of Experimental Psychology, University of Bristol, UK",277-282,REPORTS,https://onlinelibrary.wiley.com/doi/10.1111/j.1467-7687.2004.00346.x,https://onlinelibrary.wiley.com/doi/epdf/10.1111/j.1467-7687.2004.00346.x,Citations: 13
Developmental Science,7, 3,N/A,Infant social attention predicts preschool social cognition,"Henry M. Wellman, Ann T. Phillips, Sarah Dunphy-Lelii, Nicole LaLonde",N/A,283-288,REPORTS,https://onlinelibrary.wiley.com/doi/10.1111/j.1467-7687.2004.00347.x,https://onlinelibrary.wiley.com/doi/epdf/10.1111/j.1467-7687.2004.00347.x,N/A
Developmental Science,7, 3,2004,Long-term memory for music: infants remember tempo and timbre,"Laurel J. Trainor, Luann Wu, Christine D. Tsang","Department of Psychology, McMaster University, Hamilton, Canada; Department of Psychology, McMaster University, Hamilton, Canada; Department of Psychology, McMaster University, Hamilton, Canada",289-296,REPORTS,https://onlinelibrary.wiley.com/doi/10.1111/j.1467-7687.2004.00348.x,https://onlinelibrary.wiley.com/doi/epdf/10.1111/j.1467-7687.2004.00348.x,Citations: 74
Developmental Science,7, 3,2004,Twelve-month-olds point to share attention and interest,"Ulf Liszkowski, Malinda Carpenter, Anne Henning, Tricia Striano, Michael Tomasello","Department of Developmental and Comparative Psychology, Max Planck Institute for Evolutionary Anthropology, Leipzig, Germany; Department of Developmental and Comparative Psychology, Max Planck Institute for Evolutionary Anthropology, Leipzig, Germany; Junior Scientists Group on Cultural Ontogeny, Max Planck Institute for Evolutionary Anthropology, Leipzig, Germany; Junior Scientists Group on Cultural Ontogeny, Max Planck Institute for Evolutionary Anthropology, Leipzig, Germany; Department of Developmental and Comparative Psychology, Max Planck Institute for Evolutionary Anthropology, Leipzig, Germany",297-307,REPORTS,https://onlinelibrary.wiley.com/doi/10.1111/j.1467-7687.2004.00349.x,https://onlinelibrary.wiley.com/doi/epdf/10.1111/j.1467-7687.2004.00349.x,Citations: 313
Developmental Science,7, 3,2004,Culture and children's cosmology,"Michael Siegal, George Butterworth, Peter A. Newcombe","Department of Psychology, University of Sheffield, UK; School of Cognitive and Computing Sciences, University of Sussex, UK; School of Social Work and Applied Human Sciences, University of Queensland, Australia",308-324,PAPERS,https://onlinelibrary.wiley.com/doi/10.1111/j.1467-7687.2004.00350.x,https://onlinelibrary.wiley.com/doi/epdf/10.1111/j.1467-7687.2004.00350.x,Citations: 83
Developmental Science,7, 3,2004,Attention and inhibition in bilingual children: evidence from the dimensional change card sort task,"Ellen Bialystok, Michelle M. Martin","Department of Psychology, York University, Toronto, Canada; Department of Psychology, York University, Toronto, Canada",325-339,PAPERS,https://onlinelibrary.wiley.com/doi/10.1111/j.1467-7687.2004.00351.x,https://onlinelibrary.wiley.com/doi/epdf/10.1111/j.1467-7687.2004.00351.x,Citations: 530
Developmental Science,7, 3,2004,Young children with autism show atypical brain responses to fearful versus neutral facial expressions of emotion,"Geraldine Dawson, Sara J. Webb, Leslie Carver, Heracles Panagiotides, James McPartland","Department of Psychology, University of Washington, USA; Center on Human Development and Disability, University of Washington, USA; Center on Human Development and Disability, University of Washington, USA; Department of Psychology, University of California, San Diego, USA; Center on Human Development and Disability, University of Washington, USA; Department of Psychology, University of Washington, USA; Center on Human Development and Disability, University of Washington, USA",340-359,PAPERS,https://onlinelibrary.wiley.com/doi/10.1111/j.1467-7687.2004.00352.x,https://onlinelibrary.wiley.com/doi/epdf/10.1111/j.1467-7687.2004.00352.x,Citations: 211
Developmental Science,7, 3,2004,The development of complex sentence interpretation in typically developing children compared with children with specific language impairments or early unilateral focal lesions,"Frederic Dick, Beverly Wulfeck, Magda Krupa-Kwiatkowski, Elizabeth Bates","Center for Research in Language, University of California San Diego, USA; Department of Psychology, Birkbeck College, University of London, UK; Center for Research in Language, University of California San Diego, USA; School of Speech, Language, and Hearing Sciences, San Diego State University, USA; Center for Research in Language, University of California San Diego, USA; Center for Research in Language, University of California San Diego, USA; Department of Cognitive Science, University of California, USA",360-377,PAPERS,https://onlinelibrary.wiley.com/doi/10.1111/j.1467-7687.2004.00353.x,https://onlinelibrary.wiley.com/doi/epdf/10.1111/j.1467-7687.2004.00353.x,Citations: 62
Developmental Science,7, 3,2004,Perceptual complexity and form class cues in novel word extension tasks: how 4-year-old children interpret adjectives and count nouns,"Catherine M. Sandhofer, Linda B. Smith","Department of Psychology, University of California, Los Angeles, USA; Department of Psychology, Indiana University, USA",378-388,PAPERS,https://onlinelibrary.wiley.com/doi/10.1111/j.1467-7687.2004.00354.x,https://onlinelibrary.wiley.com/doi/epdf/10.1111/j.1467-7687.2004.00354.x,Citations: 13
Developmental Science,7, 3,2004,Corrigendum,,N/A,389,Corrigendum,https://onlinelibrary.wiley.com/doi/10.1111/j.1467-7687.2004.00355.x,https://onlinelibrary.wiley.com/doi/epdf/10.1111/j.1467-7687.2004.00355.x,N/A
Developmental Science,7, 4,2004,Immature cortical responses to auditory stimuli in specific language impairment: evidence from ERPs to rapid tone sequences,"D.V.M. Bishop, G.M. McArthur","Department of Experimental Psychology, University of Oxford, UK; Department of Experimental Psychology, University of Oxford, UK",F11-F18,FAST-TRACK REPORT,https://onlinelibrary.wiley.com/doi/10.1111/j.1467-7687.2004.00356.x,https://onlinelibrary.wiley.com/doi/epdf/10.1111/j.1467-7687.2004.00356.x,Citations: 85
Developmental Science,7, 4,2004,Infants’ reasoning about hidden objects: evidence for event-general and event-specific expectations,Renée Baillargeon,"Department of Psychology, University of Illinois, USA",391-414,ARTICLE WITH PEER COMMENTARIES AND RESPONSEArticle,https://onlinelibrary.wiley.com/doi/10.1111/j.1467-7687.2004.00357.x,https://onlinelibrary.wiley.com/doi/epdf/10.1111/j.1467-7687.2004.00357.x,Citations: 85
Developmental Science,7, 4,2004,Is looking good enough or does it beggar belief?,Bruce M. Hood,"Bristol Cognitive Development Centre, University of Bristol, UK",415-417,Commentaries,https://onlinelibrary.wiley.com/doi/10.1111/j.1467-7687.2004.00358.x,https://onlinelibrary.wiley.com/doi/epdf/10.1111/j.1467-7687.2004.00358.x,Citations: 17
Developmental Science,7, 4,2004,Who's for learning?,Alan M. Leslie,"Department of Psychology and Center for Cognitive Science, Rutgers University, USA",417-419,Commentaries,https://onlinelibrary.wiley.com/doi/10.1111/j.1467-7687.2004.00359.x,https://onlinelibrary.wiley.com/doi/epdf/10.1111/j.1467-7687.2004.00359.x,Citations: 9
Developmental Science,7, 4,2004,Reasoning . . . what reasoning?,"Andrew J. Bremner, Denis Mareschal","Centre for Brain and Cognitive Development, Birkbeck, University of London, UK; Cognitive Science Research Unit, Université Libre de Bruxelles, Belgium; Centre for Brain and Cognitive Development, Birkbeck, University of London, UK",419-421,Commentaries,https://onlinelibrary.wiley.com/doi/10.1111/j.1467-7687.2004.00360.x,https://onlinelibrary.wiley.com/doi/epdf/10.1111/j.1467-7687.2004.00360.x,Citations: 13
Developmental Science,7, 4,2004,Can 12 large clowns fit in a Mini Cooper? Or when are beliefs and reasoning explicit and conscious?,Renée Baillargeon,"Department of Psychology, University of Illinois, USA",422-424,Response,https://onlinelibrary.wiley.com/doi/10.1111/j.1467-7687.2004.00361.x,https://onlinelibrary.wiley.com/doi/epdf/10.1111/j.1467-7687.2004.00361.x,Citations: 7
Developmental Science,7, 4,2004,Infants’ attribution of a goal to a morphologically unfamiliar agent,"Y. Alpha Shimizu, Susan C. Johnson","Department of Psychology, Stanford University, USA; Department of Psychology, Stanford University, USA",425-430,REPORTS,https://onlinelibrary.wiley.com/doi/10.1111/j.1467-7687.2004.00362.x,https://onlinelibrary.wiley.com/doi/epdf/10.1111/j.1467-7687.2004.00362.x,Citations: 99
Developmental Science,7, 4,2004,The Thatcher illusion and face processing in infancy,"Evelin Bertin, Ramesh S. Bhatt","University of Kentucky, USA; University of Kentucky, USA",431-436,REPORTS,https://onlinelibrary.wiley.com/doi/10.1111/j.1467-7687.2004.00363.x,https://onlinelibrary.wiley.com/doi/epdf/10.1111/j.1467-7687.2004.00363.x,Citations: 33
Developmental Science,7, 4,2004,Imitation in neonatal chimpanzees (Pan troglodytes),"Masako Myowa-Yamakoshi, Masaki Tomonaga, Masayuki Tanaka, Tetsuro Matsuzawa","School of Human Cultures, The University of Shiga Prefecture, Japan; Primate Research Institute, Kyoto University, Japan; Primate Research Institute, Kyoto University, Japan; Primate Research Institute, Kyoto University, Japan",437-442,REPORTS,https://onlinelibrary.wiley.com/doi/10.1111/j.1467-7687.2004.00364.x,https://onlinelibrary.wiley.com/doi/epdf/10.1111/j.1467-7687.2004.00364.x,Citations: 117
Developmental Science,7, 4,2004,Switching between spatial stimulus–response mappings: a developmental study of cognitive flexibility,"Eveline A. Crone, K. Richard Ridderinkhof, Mijkje Worm, Riek J.M. Somsen, Maurits W. Van Der Molen","Department of Developmental Psychology, University of Amsterdam, The Netherlands; Department of Developmental Psychology, University of Amsterdam, The Netherlands; Department of Developmental Psychology, University of Amsterdam, The Netherlands; Department of Developmental Psychology, University of Amsterdam, The Netherlands; Department of Developmental Psychology, University of Amsterdam, The Netherlands",443-455,PAPERS,https://onlinelibrary.wiley.com/doi/10.1111/j.1467-7687.2004.00365.x,https://onlinelibrary.wiley.com/doi/epdf/10.1111/j.1467-7687.2004.00365.x,Citations: 125
Developmental Science,7, 4,N/A,A visit from the Candy Witch: factors influencing young children's belief in a novel fantastical being,"Jacqueline D. Woolley, Elizabeth A. Boerger, Arthur B. Markman",N/A,456-468,PAPERS,https://onlinelibrary.wiley.com/doi/10.1111/j.1467-7687.2004.00366.x,https://onlinelibrary.wiley.com/doi/epdf/10.1111/j.1467-7687.2004.00366.x,N/A
Developmental Science,7, 4,2004,Effects of repetition and configural changes on the development of face recognition processes,"Roxane J. Itier, Margot J. Taylor","The Rotman Research Institute, BayCrest Centre, Toronto, Canada; CerCo-CNRS, Université Paul Sabatier, Toulouse, France",469-487,PAPERS,https://onlinelibrary.wiley.com/doi/10.1111/j.1467-7687.2004.00367.x,https://onlinelibrary.wiley.com/doi/epdf/10.1111/j.1467-7687.2004.00367.x,Citations: 69
Developmental Science,7, 4,2004,‘Unwilling’ versus ‘unable’: chimpanzees’ understanding of human intentional action,"Josep Call, Brian Hare, Malinda Carpenter, Michael Tomasello","Max-Planck-Institute for Evolutionary Anthropology, Leipzig, Germany; Max-Planck-Institute for Evolutionary Anthropology, Leipzig, Germany; Department of Anthropology, Harvard University, USA; Max-Planck-Institute for Evolutionary Anthropology, Leipzig, Germany; Max-Planck-Institute for Evolutionary Anthropology, Leipzig, Germany",488-498,PAPERS,https://onlinelibrary.wiley.com/doi/10.1111/j.1467-7687.2004.00368.x,https://onlinelibrary.wiley.com/doi/epdf/10.1111/j.1467-7687.2004.00368.x,Citations: 229
Developmental Science,7, 5,2004,A synopsis of The foundations of mind: Origins of conceptual thought (2004). New York: Oxford University Press,Jean M. Mandler,"Department of Cognitive Science, University of California, USA",499-505,TARGET ARTICLE WITH COMMENTARIES AND RESPONSE,https://onlinelibrary.wiley.com/doi/10.1111/j.1467-7687.2004.00369.x,https://onlinelibrary.wiley.com/doi/epdf/10.1111/j.1467-7687.2004.00369.x,Citations: 38
Developmental Science,7, 5,N/A,A welcome turn to meaning in infant development: commentary on Mandler's The foundations of mind: Origins of conceptual thought,Katherine Nelson,N/A,506-507,Commentaries,https://onlinelibrary.wiley.com/doi/10.1111/j.1467-7687.2004.00370.x,https://onlinelibrary.wiley.com/doi/epdf/10.1111/j.1467-7687.2004.00370.x,N/A
Developmental Science,7, 5,2004,Straddling the perception–conception boundary,"Kristin Shutts, Elizabeth S. Spelke","Psychology Department, Harvard University, USA; Psychology Department, Harvard University, USA",507-511,Commentaries,https://onlinelibrary.wiley.com/doi/10.1111/j.1467-7687.2004.00371.x,https://onlinelibrary.wiley.com/doi/epdf/10.1111/j.1467-7687.2004.00371.x,Citations: 7
Developmental Science,7, 5,2004,"Multiple sources of information and their integration, not dissociation, as an organizing framework for understanding infant concept formation",Paul C. Quinn,"Department of Psychology, University of Delaware, USA",511-513,Commentaries,https://onlinelibrary.wiley.com/doi/10.1111/j.1467-7687.2004.00372.x,https://onlinelibrary.wiley.com/doi/epdf/10.1111/j.1467-7687.2004.00372.x,Citations: 10
Developmental Science,7, 5,2004,On the conceptual–perceptual divide in early concepts,Gregory L. Murphy,"Department of Psychology, New York University, USA",513-515,Commentaries,https://onlinelibrary.wiley.com/doi/10.1111/j.1467-7687.2004.00373.x,https://onlinelibrary.wiley.com/doi/epdf/10.1111/j.1467-7687.2004.00373.x,Citations: 5
Developmental Science,7, 5,2004,On the other hand . . .,Jean M. Mandler,"Department of Cognitive Science, University of California, USA",516-517,Response,https://onlinelibrary.wiley.com/doi/10.1111/j.1467-7687.2004.00374.x,https://onlinelibrary.wiley.com/doi/epdf/10.1111/j.1467-7687.2004.00374.x,Citations: 1
Developmental Science,7, 5,2004,The role of joint attention in the development of infants’ play with objects,"Ann E. Bigelow, Kim MacLean, Jane Proctor","Psychology Department, St Francis Xavier University, Canada; Psychology Department, St Francis Xavier University, Canada; Jane Proctor is now at Capilano College, Canada",518-526,REPORTS,https://onlinelibrary.wiley.com/doi/10.1111/j.1467-7687.2004.00375.x,https://onlinelibrary.wiley.com/doi/epdf/10.1111/j.1467-7687.2004.00375.x,Citations: 67
Developmental Science,7, 5,2004,Development of flexible visual recognition memory in human infants,"Astri J. Robinson, Olivier Pascalis","University of Sheffield, UK; University of Sheffield, UK",527-533,REPORTS,https://onlinelibrary.wiley.com/doi/10.1111/j.1467-7687.2004.00376.x,https://onlinelibrary.wiley.com/doi/epdf/10.1111/j.1467-7687.2004.00376.x,Citations: 55
Developmental Science,7, 5,2004,Early development of subcortical regions involved in non-cued attention switching,"B.J. Casey, Matthew C. Davidson, Yuko Hara, Kathleen M. Thomas, Antigona Martinez, Adriana Galvan, Jeffrey M. Halperin, Claudia E. Rodríguez-Aranda, Nim Tottenham","Sackler Institute, Weill Medical College of Cornell University, USA; Sackler Institute, Weill Medical College of Cornell University, USA; Sackler Institute, Weill Medical College of Cornell University, USA; Institute of Child Development, University of Minnesota, USA; Nathan Kline Institute, USA; Sackler Institute, Weill Medical College of Cornell University, USA; Department of Psychology, Queens College of the City University of New York, USA; Department of Psychology, University of Tromsø, Norway; Sackler Institute, Weill Medical College of Cornell University, USA; Institute of Child Development, University of Minnesota, USA",534-542,REPORTS,https://onlinelibrary.wiley.com/doi/10.1111/j.1467-7687.2004.00377.x,https://onlinelibrary.wiley.com/doi/epdf/10.1111/j.1467-7687.2004.00377.x,Citations: 53
Developmental Science,7, 5,2004,Two- and three-year-olds infer and reason about design intentions in order to categorize broken objects,"Deborah G. Kemler Nelson, Morghan B. Holt, Louisa Chan Egan","Department of Psychology, Swarthmore College, USA; Department of Psychology, Swarthmore College, USA; Department of Psychology, Swarthmore College, USA",543-549,REPORTS,https://onlinelibrary.wiley.com/doi/10.1111/j.1467-7687.2004.00378.x,https://onlinelibrary.wiley.com/doi/epdf/10.1111/j.1467-7687.2004.00378.x,Citations: 18
Developmental Science,7, 5,2004,Maturation of fetal responses to music,"B.S. Kisilevsky, S.M.J. Hains, A.-Y. Jacquet, C. Granier-Deferre, J.P. Lecanuet","Queen's University and Kingston General Hospital, Kingston, Canada; Queen's University and Kingston General Hospital, Kingston, Canada; Université Paris V, Paris, France; Université Paris V, Paris, France; Université Paris V, Paris, France",550-559,REPORTS,https://onlinelibrary.wiley.com/doi/10.1111/j.1467-7687.2004.00379.x,https://onlinelibrary.wiley.com/doi/epdf/10.1111/j.1467-7687.2004.00379.x,Citations: 86
Developmental Science,7, 5,2004,"Father absence, menarche and interest in infants among adolescent girls","Dario Maestripieri, James R. Roney, Nicole DeBias, Kristina M. Durante, Geertrui M. Spaepen","Institute for Mind and Biology, University of Chicago, USA; Institute for Mind and Biology, University of Chicago, USA; Institute for Mind and Biology, University of Chicago, USA; Institute for Mind and Biology, University of Chicago, USA; Institute for Mind and Biology, University of Chicago, USA",560-566,REPORT,https://onlinelibrary.wiley.com/doi/10.1111/j.1467-7687.2004.00380.x,https://onlinelibrary.wiley.com/doi/epdf/10.1111/j.1467-7687.2004.00380.x,Citations: 50
Developmental Science,7, 5,N/A,A first step in form-based category abstraction by 12-month-old infants,"Rebecca L. Gómez, Laura Lakusta",N/A,567-580,PAPERS,https://onlinelibrary.wiley.com/doi/10.1111/j.1467-7687.2004.00381.x,https://onlinelibrary.wiley.com/doi/epdf/10.1111/j.1467-7687.2004.00381.x,N/A
Developmental Science,7, 5,2004,Learning during the newborn's first meal: special resistance to retroactive interference,"Sarah J. Ferdinand Cheslock, Sarah K. Sanders, Norman E. Spear","Sarah J. Ferdinand Cheslock is now at the Department of Psychology, Ithaca College, USA; Center for Developmental Psychobiology, Department of Psychology, Binghamton University, USA; Center for Developmental Psychobiology, Department of Psychology, Binghamton University, USA",581-598,PAPERS,https://onlinelibrary.wiley.com/doi/10.1111/j.1467-7687.2004.00382.x,https://onlinelibrary.wiley.com/doi/epdf/10.1111/j.1467-7687.2004.00382.x,Citations: 18
Developmental Science,7, 5,2004,Twelve- and 16-month-old infants recognize properties of mentioned absent things,Megan M. Saylor,"Vanderbilt University, USA",599-611,PAPERS,https://onlinelibrary.wiley.com/doi/10.1111/j.1467-7687.2004.00383.x,https://onlinelibrary.wiley.com/doi/epdf/10.1111/j.1467-7687.2004.00383.x,Citations: 40
Developmental Science,7, 5,2004,Volume Index,,N/A,612-615,VOLUME INDEX,https://onlinelibrary.wiley.com/doi/10.1111/j.1467-7687.2004.t01-1-00384.x,https://onlinelibrary.wiley.com/doi/epdf/10.1111/j.1467-7687.2004.t01-1-00384.x,N/A
Developmental Science,8, 1,2005,Editorial,Mark H. Johnson Co-editor,N/A,iii,Editorial,https://onlinelibrary.wiley.com/doi/10.1111/j.1467-7687.2005.00386.x,https://onlinelibrary.wiley.com/doi/epdf/10.1111/j.1467-7687.2005.00386.x,N/A
Developmental Science,8, 1,2005,Links between social and linguistic processing of speech in preschool children with autism: behavioral and electrophysiological measures,"Patricia K. Kuhl, Sharon Coffey-Corina, Denise Padden, Geraldine Dawson","Center on Human Development and Disabilities and Department of Speech and Hearing Sciences, University of Washington, USA; Center on Human Development and Disabilities and Department of Speech and Hearing Sciences, University of Washington, USA; Center on Human Development and Disabilities and Department of Speech and Hearing Sciences, University of Washington, USA; UW Autism Center and Department of Psychology, University of Washington, USA",F1-F12,Original Articles,https://onlinelibrary.wiley.com/doi/10.1111/j.1467-7687.2004.00384.x,https://onlinelibrary.wiley.com/doi/epdf/10.1111/j.1467-7687.2004.00384.x,Citations: 340
Developmental Science,8, 1,2005,Twelve- and 18-month-olds copy actions in terms of goals,"Malinda Carpenter, Josep Call, Michael Tomasello","Max Planck Institute for Evolutionary Anthropology, Leipzig, Germany; Max Planck Institute for Evolutionary Anthropology, Leipzig, Germany; Max Planck Institute for Evolutionary Anthropology, Leipzig, Germany",F13-F20,Original Articles,https://onlinelibrary.wiley.com/doi/10.1111/j.1467-7687.2004.00385.x,https://onlinelibrary.wiley.com/doi/epdf/10.1111/j.1467-7687.2004.00385.x,Citations: 174
Developmental Science,8, 1,2005,Changing the tune: the structure of the input affects infants’ use of absolute and relative pitch,"Jenny R. Saffran, Karelyn Reeck, Aimee Niebuhr, Diana Wilson","Waisman Center and Department of Psychology, University of Wisconsin–Madison, USA; Waisman Center and Department of Psychology, University of Wisconsin–Madison, USA; Waisman Center and Department of Psychology, University of Wisconsin–Madison, USA; Waisman Center and Department of Psychology, University of Wisconsin–Madison, USA",1-7,REPORTS,https://onlinelibrary.wiley.com/doi/10.1111/j.1467-7687.2005.00387.x,https://onlinelibrary.wiley.com/doi/epdf/10.1111/j.1467-7687.2005.00387.x,Citations: 45
Developmental Science,8, 1,2005,Young children's use of range-of-reference information in word learning,"D. Geoffrey Hall, Julie Bélanger","University of British Columbia, Canada; University of British Columbia, Canada",8-15,REPORTS,https://onlinelibrary.wiley.com/doi/10.1111/j.1467-7687.2005.00388.x,https://onlinelibrary.wiley.com/doi/epdf/10.1111/j.1467-7687.2005.00388.x,Citations: 9
Developmental Science,8, 1,N/A,Metacognitive development of deaf children: lessons from the appearance–reality and false belief tasks,"Cyril Courtin, Anne-Marie Melot",N/A,16-25,REPORTS,https://onlinelibrary.wiley.com/doi/10.1111/j.1467-7687.2005.00389.x,https://onlinelibrary.wiley.com/doi/epdf/10.1111/j.1467-7687.2005.00389.x,N/A
Developmental Science,8, 1,2005,The role of speech rhythm in language discrimination: further tests with a non-human primate,"Ruth Tincoff, Marc Hauser, Fritz Tsao, Geertrui Spaepen, Franck Ramus, Jacques Mehler","Department of Psychology, Harvard University, USA; Department of Psychology, Harvard University, USA; Program in Neurosciences, Harvard University, USA; Department of Psychology, Hillsdale College, USA; Department of Psychology, Harvard University, USA; Laboratoire de Sciences Cognitives et Psycholinguistique, EHESS/CNRS/ENS, Paris, France; Laboratoire de Sciences Cognitives et Psycholinguistique, EHESS/CNRS/ENS, Paris, France; International School for Advanced Studies, Trieste, Italy",26-35,REPORTS,https://onlinelibrary.wiley.com/doi/10.1111/j.1467-7687.2005.00390.x,https://onlinelibrary.wiley.com/doi/epdf/10.1111/j.1467-7687.2005.00390.x,Citations: 36
Developmental Science,8, 1,2005,Maladaptive conflict monitoring as evidence for executive dysfunction in children with chromosome 22q11.2 deletion syndrome,"Joel P. Bish, Samantha M. Ferrante, Donna McDonald-McGinn, Elaine Zackai, Tony J. Simon","Children's Hospital of Philadelphia, USA; Children's Hospital of Philadelphia, USA; Children's Hospital of Philadelphia, USA; Children's Hospital of Philadelphia, USA; Children's Hospital of Philadelphia, USA; University of Pennsylvania, USA",36-43,REPORTS,https://onlinelibrary.wiley.com/doi/10.1111/j.1467-7687.2005.00391.x,https://onlinelibrary.wiley.com/doi/epdf/10.1111/j.1467-7687.2005.00391.x,Citations: 63
Developmental Science,8, 1,2005,Disentangling dimensions in the dimensional change card-sorting task,"Daniela Kloo, Josef Perner","Department of Psychology, University of Salzburg, Salzburg, Austria; Department of Psychology, University of Salzburg, Salzburg, Austria",44-56,PAPERS,https://onlinelibrary.wiley.com/doi/10.1111/j.1467-7687.2005.00392.x,https://onlinelibrary.wiley.com/doi/epdf/10.1111/j.1467-7687.2005.00392.x,Citations: 88
Developmental Science,8, 1,2005,On tools and toys: how children learn to act on and pretend with ‘virgin objects’,"Hannes Rakoczy, Michael Tomasello, Tricia Striano","Max-Planck-Institute for Evolutionary Anthropology, Leipzig, Germany; Max-Planck-Institute for Evolutionary Anthropology, Leipzig, Germany; Max-Planck-Institute for Evolutionary Anthropology, Leipzig, Germany",57-73,PAPERS,https://onlinelibrary.wiley.com/doi/10.1111/j.1467-7687.2005.00393.x,https://onlinelibrary.wiley.com/doi/epdf/10.1111/j.1467-7687.2005.00393.x,Citations: 54
Developmental Science,8, 1,2005,Neurocognitive correlates of socioeconomic status in kindergarten children,"Kimberly G. Noble, M. Frank Norman, Martha J. Farah","University of Pennsylvania Center for Cognitive Neuroscience, Philadelphia, USA; Sackler Institute for Developmental Psychobiology, Weill Cornell Medical College, New York, USA; University of Pennsylvania Center for Cognitive Neuroscience, Philadelphia, USA; University of Pennsylvania Center for Cognitive Neuroscience, Philadelphia, USA",74-87,PAPERS,https://onlinelibrary.wiley.com/doi/10.1111/j.1467-7687.2005.00394.x,https://onlinelibrary.wiley.com/doi/epdf/10.1111/j.1467-7687.2005.00394.x,Citations: 656
Developmental Science,8, 1,2005,Number sense in human infants,"Fei Xu, Elizabeth S. Spelke, Sydney Goddard","Northeastern University, Boston, USA; Now at the University of British Columbia, Vancouver, Canada; Harvard University, Cambridge, USA; Northeastern University, Boston, USA",88-101,PAPERS,https://onlinelibrary.wiley.com/doi/10.1111/j.1467-7687.2005.00395.x,https://onlinelibrary.wiley.com/doi/epdf/10.1111/j.1467-7687.2005.00395.x,Citations: 339
Developmental Science,8, 2,2005,The neuroscience of ADHD: multidisciplinary perspectives on a complex developmental disorder,"Edmund J.S. Sonuga-Barke, Joseph Sergeant","Developmental Brain & Behaviour Unit, University of Southampton, UK; Child Study Center, New York University, USA; Department of Clinical Neuropsychology, Free University Amsterdam, the Netherlands",103-104,SPECIAL SECTION: ADHD,https://onlinelibrary.wiley.com/doi/10.1111/j.1467-7687.2005.00396.x,https://onlinelibrary.wiley.com/doi/epdf/10.1111/j.1467-7687.2005.00396.x,Citations: 9
Developmental Science,8, 2,2005,Whither causal models in the neuroscience of ADHD?,"Dave Coghill, Joel Nigg, Aribert Rothenberger, Edmund Sonuga-Barke, Rosemary Tannock","University of Dundee, UK; Michigan State University, USA; University of Göttingen, Germany; University of Southampton, UK; New York University, USA; The Hospital for Sick Children, Toronto, Canada",105-114,SPECIAL SECTION: ADHD,https://onlinelibrary.wiley.com/doi/10.1111/j.1467-7687.2005.00397.x,https://onlinelibrary.wiley.com/doi/epdf/10.1111/j.1467-7687.2005.00397.x,Citations: 80
Developmental Science,8, 2,2005,Characterizing the ADHD phenotype for genetic studies,"Jim Stevenson, Phil Asherson, David Hay, Florence Levy, Jim Swanson, Anita Thapar, Erik Willcutt","University of Southampton, UK; King's College, University of London, UK; Curtin University of Technology, Australia; University of New South Wales, Australia; University of California Irvine, USA; University of Wales College of Medicine, Cardiff, UK; University of Colorado, USA",115-121,SPECIAL SECTION: ADHD,https://onlinelibrary.wiley.com/doi/10.1111/j.1467-7687.2005.00398.x,https://onlinelibrary.wiley.com/doi/epdf/10.1111/j.1467-7687.2005.00398.x,Citations: 40
Developmental Science,8, 2,2005,"The control of responsiveness in ADHD by catecholamines: evidence for dopaminergic, noradrenergic and interactive roles","Robert D. Oades, Adolfo G. Sadile, Terje Sagvolden, Davide Viggiano, Alessandro Zuddas, Paola Devoto, Heidi Aase, Espen B. Johansen, Lucia A. Ruocco, Vivienne A. Russell","Clinic for Child and Adolescent Psychiatry, University of Duisburg-Essen, Germany; Laboratory of Behaviour and Neural Networks, University of Naples, Italy; Department of Physiology, University of Oslo, Norway; Laboratory of Behaviour and Neural Networks, University of Naples, Italy; Department of Neuroscience, Clinic for Child Psychiatry, University of Cagliari, Italy; Department of Neuroscience, Clinic for Child Psychiatry, University of Cagliari, Italy; Department of Physiology, University of Oslo, Norway; Department of Physiology, University of Oslo, Norway; Laboratory of Behaviour and Neural Networks, University of Naples, Italy; Department of Human Biology, University of Cape Town, South Africa",122-131,SPECIAL SECTION: ADHD,https://onlinelibrary.wiley.com/doi/10.1111/j.1467-7687.2005.00399.x,https://onlinelibrary.wiley.com/doi/epdf/10.1111/j.1467-7687.2005.00399.x,Citations: 86
Developmental Science,8, 2,2005,Towards an understanding of unique and shared pathways in the psychopathophysiology of ADHD,"Tobias Banaschewski, Chris Hollis, Jaap Oosterlaan, Herbert Roeyers, Katya Rubia, Erik Willcutt, Eric Taylor","University of Göttingen, Germany; University of Nottingham, UK; Vrije Universiteit, Amsterdam, the Netherlands; Ghent University, Belgium; Institute of Psychiatry, King's College, University of London, UK; University of Colorado, USA; Institute of Psychiatry, King's College, University of London, UK",132-140,SPECIAL SECTION: ADHD,https://onlinelibrary.wiley.com/doi/10.1111/j.1467-7687.2005.00400.x,https://onlinelibrary.wiley.com/doi/epdf/10.1111/j.1467-7687.2005.00400.x,Citations: 101
Developmental Science,8, 2,2005,Varieties of preschool hyperactivity: multiple pathways from risk to disorder,"Edmund J.S. Sonuga-Barke, Judith Auerbach, Susan B. Campbell, David Daley, Margaret Thompson","University of Southampton, UK; New York University, USA; Ben Gurion University, Israel; University of Pittsburgh, USA; University of Wales, Bangor, UK; University of Southampton, UK",141-150,SPECIAL SECTION: ADHD,https://onlinelibrary.wiley.com/doi/10.1111/j.1467-7687.2005.00401.x,https://onlinelibrary.wiley.com/doi/epdf/10.1111/j.1467-7687.2005.00401.x,Citations: 93
Developmental Science,8, 2,2005,Object identification in preschool children and adults,"Daniel M. Bernstein, Geoffrey R. Loftus, Andrew N. Meltzoff","University of Washington, Seattle, USA; University of Washington, Seattle, USA; University of Washington, Seattle, USA",151-161,REPORTS,https://onlinelibrary.wiley.com/doi/10.1111/j.1467-7687.2005.00402.x,https://onlinelibrary.wiley.com/doi/epdf/10.1111/j.1467-7687.2005.00402.x,Citations: 11
Developmental Science,8, 2,2005,Brain potentials to native and non-native speech contrasts in 7- and 11-month-old American infants,"Maritza Rivera-Gaxiola, Juan Silva-Pereyra, Patricia K. Kuhl","Institute for Learning and Brain Sciences, University of Washington, Seattle, USA; Institute for Learning and Brain Sciences, University of Washington, Seattle, USA; Institute for Learning and Brain Sciences, University of Washington, Seattle, USA",162-172,REPORTS,https://onlinelibrary.wiley.com/doi/10.1111/j.1467-7687.2005.00403.x,https://onlinelibrary.wiley.com/doi/epdf/10.1111/j.1467-7687.2005.00403.x,Citations: 209
Developmental Science,8, 2,2005,Infants’ enumeration of actions: numerical discrimination and its signature limits,"Justin N. Wood, Elizabeth S. Spelke","Harvard University, USA; Harvard University, USA",173-181,REPORTS,https://onlinelibrary.wiley.com/doi/10.1111/j.1467-7687.2005.00404.x,https://onlinelibrary.wiley.com/doi/epdf/10.1111/j.1467-7687.2005.00404.x,Citations: 113
Developmental Science,8, 2,2005,They call it like they see it: spontaneous naming and attention to shape,"Larissa K. Samuelson, Linda B. Smith","University of Iowa, USA; Indiana University, USA",182-198,PAPERS,https://onlinelibrary.wiley.com/doi/10.1111/j.1467-7687.2005.00405.x,https://onlinelibrary.wiley.com/doi/epdf/10.1111/j.1467-7687.2005.00405.x,Citations: 61
Developmental Science,8, 2,2005,The robustness of learning through overhearing,Nameera Akhtar,"University of California, Santa Cruz, USA",199-209,PAPERS,https://onlinelibrary.wiley.com/doi/10.1111/j.1467-7687.2005.00406.x,https://onlinelibrary.wiley.com/doi/epdf/10.1111/j.1467-7687.2005.00406.x,Citations: 177
Developmental Science,8, 3,2005,A cross-sectional behavioral genetic analysis of task persistence in the transition to middle childhood,"Kirby Deater-Deckard, Stephen A. Petrill, Lee A. Thompson, Laura S. DeThorne","Department of Psychology, University of Oregon, USA; Center for Developmental and Health Genetics and Department of Biobehavioral Health, Pennsylvania State University, USA; Department of Psychology, Case Western Reserve University, USA; Department of Communication Disorders, Pennsylvania State University, USA",F21-F26,FAST-TRACK REPORTS,https://onlinelibrary.wiley.com/doi/10.1111/j.1467-7687.2005.00407.x,https://onlinelibrary.wiley.com/doi/epdf/10.1111/j.1467-7687.2005.00407.x,Citations: 23
Developmental Science,8, 3,2005,Young children have difficulty ascribing true beliefs,"Kevin J. Riggs, Andrew Simpson","Department of Psychology, London Metropolitan University, UK; Department of Psychology, London Metropolitan University, UK",F27-F30,FAST-TRACK REPORTS,https://onlinelibrary.wiley.com/doi/10.1111/j.1467-7687.2005.00408.x,https://onlinelibrary.wiley.com/doi/epdf/10.1111/j.1467-7687.2005.00408.x,Citations: 10
Developmental Science,8, 3,2005,Doublet challenge: form comes before function in children's understanding of their orthography,"Annukka Lehtonen, Peter Bryant","Department of Experimental Psychology, University of Oxford, UK; Department of Experimental Psychology, University of Oxford, UK",211-217,REPORTS,https://onlinelibrary.wiley.com/doi/10.1111/j.1467-7687.2005.00409.x,https://onlinelibrary.wiley.com/doi/epdf/10.1111/j.1467-7687.2005.00409.x,Citations: 23
Developmental Science,8, 3,2005,Processing demands in belief-desire reasoning: inhibition or general difficulty?,"Ori Friedman, Alan M. Leslie","Center for Cognitive Science, Rutgers University, USA; Center for Cognitive Science, Rutgers University, USA; Department of Psychology, Rutgers University, USA",218-225,REPORTS,https://onlinelibrary.wiley.com/doi/10.1111/j.1467-7687.2005.00410.x,https://onlinelibrary.wiley.com/doi/epdf/10.1111/j.1467-7687.2005.00410.x,Citations: 33
Developmental Science,8, 3,2005,Breakdown of spatial parallel coding in children's drawing,"Bart De Bruyn, Alyson Davis","Department of Psychology, University of Surrey, UK; Department of Psychology, University of Surrey, UK",226-228,REPORTS,https://onlinelibrary.wiley.com/doi/10.1111/j.1467-7687.2005.00411.x,https://onlinelibrary.wiley.com/doi/epdf/10.1111/j.1467-7687.2005.00411.x,Citations: 1
Developmental Science,8, 3,2005,Early development of delinquency within divorced families: evaluating a randomized preventive intervention trial,"David S. DeGarmo, Marion S. Forgatch","Oregon Social Learning Center, USA; Oregon Social Learning Center, USA",229-239,REPORTS,https://onlinelibrary.wiley.com/doi/10.1111/j.1467-7687.2005.00412.x,https://onlinelibrary.wiley.com/doi/epdf/10.1111/j.1467-7687.2005.00412.x,Citations: 59
Developmental Science,8, 3,2005,Can chimpanzee infants (Pan troglodytes) form categorical representations in the same manner as human infants (Homo sapiens)?,"Chizuko Murai, Daisuke Kosugi, Masaki Tomonaga, Masayuki Tanaka, Tetsuro Matsuzawa, Shoji Itakura","Department of Psychology, Graduate School of Letters, Kyoto University, Japan; Shizuoka Institute of Science and Technology, Japan; Section of Language and Intelligence, Primate Research Institute, Kyoto University, Japan; Section of Language and Intelligence, Primate Research Institute, Kyoto University, Japan; Section of Language and Intelligence, Primate Research Institute, Kyoto University, Japan; Department of Psychology, Graduate School of Letters, Kyoto University, Japan",240-254,PAPERS,https://onlinelibrary.wiley.com/doi/10.1111/j.1467-7687.2005.00413.x,https://onlinelibrary.wiley.com/doi/epdf/10.1111/j.1467-7687.2005.00413.x,Citations: 24
Developmental Science,8, 3,2005,Localizing cortical sources of event-related potentials in infants’ covert orienting,John E. Richards,"Department of Psychology, University of South Carolina, USA",255-278,PAPERS,https://onlinelibrary.wiley.com/doi/10.1111/j.1467-7687.2005.00414.x,https://onlinelibrary.wiley.com/doi/epdf/10.1111/j.1467-7687.2005.00414.x,Citations: 49
Developmental Science,8, 3,2005,Forming a stable memory representation in the first year of life: why imitation is more than child's play,"Angela F. Lukowski, Sandra A. Wiebe, Jennifer C. Haight, Tracy DeBoer, Charles A. Nelson, Patricia J. Bauer","Institute of Child Development, University of Minnesota, USA; Institute of Child Development, University of Minnesota, USA; Institute of Child Development, University of Minnesota, USA; Institute of Child Development, University of Minnesota, USA; Institute of Child Development and Department of Pediatrics, University of Minnesota, USA; Institute of Child Development, University of Minnesota, USA",279-298,PAPERS,https://onlinelibrary.wiley.com/doi/10.1111/j.1467-7687.2005.00415.x,https://onlinelibrary.wiley.com/doi/epdf/10.1111/j.1467-7687.2005.00415.x,Citations: 36
Developmental Science,8, 4,2005,Infants' symbolic comprehension of actions modeled with toy replicas,"Kathy E. Johnson, Barbara A. Younger, Stephanie D. Furrer","Department of Psychology, Indiana University-Purdue University Indianapolis, USA; Department of Psychology, Indiana University-Purdue University Indianapolis, USA; Department of Psychology, Indiana University-Purdue University Indianapolis, USA",299-314,ARTICLE WITH PEER COMMENTARY AND RESPONSE,https://onlinelibrary.wiley.com/doi/10.1111/j.1467-7687.2005.00416.x,https://onlinelibrary.wiley.com/doi/epdf/10.1111/j.1467-7687.2005.00416.x,Citations: 18
Developmental Science,8, 4,2005,Infants' symbolic comprehension of actions modeled with toy replicas,"Kathy E. Johnson, Barbara A. Younger, Stephanie D. Furrer","Department of Psychology, Indiana University-Purdue University Indianapolis, USA; Department of Psychology, Indiana University-Purdue University Indianapolis, USA; Department of Psychology, Indiana University-Purdue University Indianapolis, USA",299-314,ARTICLE WITH PEER COMMENTARY AND RESPONSE,https://onlinelibrary.wiley.com/doi/10.1111/j.1467-7687.2005.00416.x,https://onlinelibrary.wiley.com/doi/epdf/10.1111/j.1467-7687.2005.00416.x,Citations: 18
Developmental Science,8, 4,2005,A confusion between understanding and understanding symbols,Jean M. Mandler,"Department of Cognitive Science, University of California, San Diego, USA",315-316,ARTICLE WITH PEER COMMENTARY AND RESPONSE,https://onlinelibrary.wiley.com/doi/10.1111/j.1467-7687.2005.00417.x,https://onlinelibrary.wiley.com/doi/epdf/10.1111/j.1467-7687.2005.00417.x,Citations: 4
Developmental Science,8, 4,2005,A confusion between understanding and understanding symbols,Jean M. Mandler,"Department of Cognitive Science, University of California, San Diego, USA",315-316,ARTICLE WITH PEER COMMENTARY AND RESPONSE,https://onlinelibrary.wiley.com/doi/10.1111/j.1467-7687.2005.00417.x,https://onlinelibrary.wiley.com/doi/epdf/10.1111/j.1467-7687.2005.00417.x,Citations: 4
Developmental Science,8, 4,2005,Infants' understanding of model objects and modeled actions should not be assumed,"Kathy E. Johnson, Barbara A. Younger, Stephanie D. Furrer","Department of Psychology, Indiana University-Purdue University Indianapolis, USA; Department of Psychology, Indiana University-Purdue University Indianapolis, USA; Department of Psychology, Indiana University-Purdue University Indianapolis, USA",317-318,ARTICLE WITH PEER COMMENTARY AND RESPONSE,https://onlinelibrary.wiley.com/doi/10.1111/j.1467-7687.2005.00418.x,https://onlinelibrary.wiley.com/doi/epdf/10.1111/j.1467-7687.2005.00418.x,Citations: 2
Developmental Science,8, 4,2005,Infants' understanding of model objects and modeled actions should not be assumed,"Kathy E. Johnson, Barbara A. Younger, Stephanie D. Furrer","Department of Psychology, Indiana University-Purdue University Indianapolis, USA; Department of Psychology, Indiana University-Purdue University Indianapolis, USA; Department of Psychology, Indiana University-Purdue University Indianapolis, USA",317-318,ARTICLE WITH PEER COMMENTARY AND RESPONSE,https://onlinelibrary.wiley.com/doi/10.1111/j.1467-7687.2005.00418.x,https://onlinelibrary.wiley.com/doi/epdf/10.1111/j.1467-7687.2005.00418.x,Citations: 2
Developmental Science,8, 4,2005,Evidence for an age-independent process in category learning,"Kenneth R. Livingston, Janet K. Andrews","Vassar College, Poughkeepsie, New York, USA; Vassar College, Poughkeepsie, New York, USA",319-325,REPORTS,https://onlinelibrary.wiley.com/doi/10.1111/j.1467-7687.2005.00419.x,https://onlinelibrary.wiley.com/doi/epdf/10.1111/j.1467-7687.2005.00419.x,Citations: 7
Developmental Science,8, 4,2005,Very young children are insensitive to picture- but not object-orientation,"Sophia L. Pierroutsakos, Judy S. DeLoache, Mary Gound, E. Nicole Bernard","St Louis Community College, St Louis, USA; Department of Psychology, University of Virginia, USA; Institute of Behavioral Research, University of Georgia, USA; School of Medicine, Medical College of Georgia, USA",326-332,REPORTS,https://onlinelibrary.wiley.com/doi/10.1111/j.1467-7687.2005.00420.x,https://onlinelibrary.wiley.com/doi/epdf/10.1111/j.1467-7687.2005.00420.x,Citations: 7
Developmental Science,8, 4,2005,Sensitivity to triadic attention in early infancy,"Tricia Striano, Daniel Stahl","University of Leipzig, Center for Advanced Studies, Germany; Max Planck Institute for Human Cognitive and Brain Sciences, Germany; Max Planck Institute for Evolutionary Anthropology, Germany; Max Planck Institute for Evolutionary Anthropology, Germany",333-343,REPORTS,https://onlinelibrary.wiley.com/doi/10.1111/j.1467-7687.2005.00421.x,https://onlinelibrary.wiley.com/doi/epdf/10.1111/j.1467-7687.2005.00421.x,Citations: 106
Developmental Science,8, 4,2005,Embedded figures detection in autism and typical development: preliminary evidence of a double dissociation in relationships with visual search,"Christopher Jarrold, Iain D. Gilchrist, Alison Bender","Department of Experimental Psychology, University of Bristol, UK; Department of Experimental Psychology, University of Bristol, UK; Department of Experimental Psychology, University of Bristol, UK",344-351,REPORTS,https://onlinelibrary.wiley.com/doi/10.1111/j.1467-7687.2005.00422.x,https://onlinelibrary.wiley.com/doi/epdf/10.1111/j.1467-7687.2005.00422.x,Citations: 81
Developmental Science,8, 4,2005,Maternal gestures with 20-month-old infants in two contexts,"Maria O'Neill, Kim A. Bard, Maggie Linnell, Michael Fluck","Department of Psychology, University of Portsmouth, UK; Department of Psychology, University of Portsmouth, UK; Department of Psychology, University of Portsmouth, UK; Department of Psychology, University of Portsmouth, UK",352-359,REPORTS,https://onlinelibrary.wiley.com/doi/10.1111/j.1467-7687.2005.00423.x,https://onlinelibrary.wiley.com/doi/epdf/10.1111/j.1467-7687.2005.00423.x,Citations: 58
Developmental Science,8, 4,2005,Factors responsible for performance on the day–night task: response set or semantics?,"Andrew Simpson, Kevin J. Riggs","Department of Psychology, London Metropolitan University, UK; Department of Psychology, London Metropolitan University, UK",360-371,PAPERS,https://onlinelibrary.wiley.com/doi/10.1111/j.1467-7687.2005.00424.x,https://onlinelibrary.wiley.com/doi/epdf/10.1111/j.1467-7687.2005.00424.x,Citations: 40
Developmental Science,8, 4,N/A,Motion and color processing in school-age children and adults: an ERP study,"Donna Coch, Wendy Skendzel, Giordana Grossi, Helen Neville",N/A,372-386,PAPERS,https://onlinelibrary.wiley.com/doi/10.1111/j.1467-7687.2005.00425.x,https://onlinelibrary.wiley.com/doi/epdf/10.1111/j.1467-7687.2005.00425.x,N/A
Developmental Science,8, 5,2005,Children's understanding of the Ulysses conflict,"Katherine S. Choe, Frank C. Keil, Paul Bloom","Department of Psychology,Yale University, USA; Department of Psychology,Yale University, USA; Department of Psychology,Yale University, USA",387-392,REPORTS,https://onlinelibrary.wiley.com/doi/10.1111/j.1467-7687.2005.00426.x,https://onlinelibrary.wiley.com/doi/epdf/10.1111/j.1467-7687.2005.00426.x,Citations: 24
Developmental Science,8, 5,2005,Reorientation by geometric and landmark information in environments of different size,"Giorgio Vallortigara, Marco Feruglio, Valeria Anna Sovrano","Department of Psychology, University of Trieste, Italy; BRAIN Centre for Neuroscience, University of Trieste, Italy; Department of Psychology, University of Trieste, Italy; Department of General Psychology, University of Padua, Italy",393-401,REPORTS,https://onlinelibrary.wiley.com/doi/10.1111/j.1467-7687.2005.00427.x,https://onlinelibrary.wiley.com/doi/epdf/10.1111/j.1467-7687.2005.00427.x,Citations: 54
Developmental Science,8, 5,2005,Motor processes in children's imagery: the case of mental rotation of hands,"Marion Funk, Peter Brugger, Friedrich Wilkening","Department of Psychology, University of Zurich, Switzerland; Department of Neurology, University Hospital Zurich, Switzerland; Department of Neurology, University Hospital Zurich, Switzerland; Department of Psychology, University of Zurich, Switzerland",402-408,REPORTS,https://onlinelibrary.wiley.com/doi/10.1111/j.1467-7687.2005.00428.x,https://onlinelibrary.wiley.com/doi/epdf/10.1111/j.1467-7687.2005.00428.x,Citations: 124
Developmental Science,8, 5,2005,Auditory–visual intermodal matching of small numerosities in 6-month-old infants,"Tessei Kobayashi, Kazuo Hiraki, Toshikazu Hasegawa","Department of Cognitive and Behavioral Science, The University of Tokyo, Japan; Department of General System Studies, The University of Tokyo, Japan; Presto, Japan Science & Technology Corporation, Kawaguchi, Japan; Department of Cognitive and Behavioral Science, The University of Tokyo, Japan",409-419,REPORTS,https://onlinelibrary.wiley.com/doi/10.1111/j.1467-7687.2005.00429.x,https://onlinelibrary.wiley.com/doi/epdf/10.1111/j.1467-7687.2005.00429.x,Citations: 58
Developmental Science,8, 5,2005,Language-specific effects on number computation in toddlers,"Célia Hodent, Peter Bryant, Olivier Houdé","UMR 6194, CNRS, CEA, Universities of Caen and Paris 5 (Sorbonne), Institute of Psychology, France; Department of Experimental Psychology, University of Oxford, UK; UMR 6194, CNRS, CEA, Universities of Caen and Paris 5 (Sorbonne), Institute of Psychology, France",420-423,REPORTS,https://onlinelibrary.wiley.com/doi/10.1111/j.1467-7687.2005.00430.x,https://onlinelibrary.wiley.com/doi/epdf/10.1111/j.1467-7687.2005.00430.x,Citations: 16
Developmental Science,8, 5,2005,Toddlers recognize verbs in novel situations and sentences,"Letitia R. Naigles, Edith L. Bavin, Melissa A. Smith","Department of Psychology, University of Connecticut, USA; School of Psychological Science, La Trobe University, Australia; Department of Psychology, Clark University, USA",424-431,REPORTS,https://onlinelibrary.wiley.com/doi/10.1111/j.1467-7687.2005.00431.x,https://onlinelibrary.wiley.com/doi/epdf/10.1111/j.1467-7687.2005.00431.x,Citations: 34
Developmental Science,8, 5,2005,11-month-olds’ knowledge of how familiar words sound,Daniel Swingley,"Max-Planck-Institute for Psycholinguistics, The Netherlands and Department of Psychology, University of Pennsylvania, USA",432-443,PAPERS,https://onlinelibrary.wiley.com/doi/10.1111/j.1467-7687.2005.00432.x,https://onlinelibrary.wiley.com/doi/epdf/10.1111/j.1467-7687.2005.00432.x,Citations: 121
Developmental Science,8, 5,2005,The genetic relationship between individual differences in social and nonsocial behaviours characteristic of autism,"Angelica Ronald, Francesca Happé, Robert Plomin","Social Genetic and Developmental Psychiatry (SGDP) Centre, Institute of Psychiatry, King's College London, UK; Social Genetic and Developmental Psychiatry (SGDP) Centre, Institute of Psychiatry, King's College London, UK; Social Genetic and Developmental Psychiatry (SGDP) Centre, Institute of Psychiatry, King's College London, UK",444-458,PAPERS,https://onlinelibrary.wiley.com/doi/10.1111/j.1467-7687.2005.00433.x,https://onlinelibrary.wiley.com/doi/epdf/10.1111/j.1467-7687.2005.00433.x,Citations: 186
Developmental Science,8, 6,2005,"Three-month-olds, but not newborns, prefer own-race faces","David J. Kelly, Paul C. Quinn, Alan M. Slater, Kang Lee, Alan Gibson, Michael Smith, Liezhong Ge, Olivier Pascalis","Department of Psychology, University of Sheffield, UK; Department of Psychology, University of Delaware, USA; School of Psychology, University of Exeter, UK; Department of Psychology, UCSD, USA; Department of Psychology, University of Sheffield, UK; Department of Psychology, University of Sheffield, UK; Zhejiang Sci-Tech University, P.R. China; Department of Psychology, University of Sheffield, UK",F31-F36,FAST-TRACK REPORT,https://onlinelibrary.wiley.com/doi/10.1111/j.1467-7687.2005.0434a.x,https://onlinelibrary.wiley.com/doi/epdf/10.1111/j.1467-7687.2005.0434a.x,Citations: 419
Developmental Science,8, 6,2005,The learning brain: Lessons for education: a précis,"Sarah-Jayne Blakemore, Uta Frith","Institute of Cognitive Neuroscience, University College London, UK; Institute of Cognitive Neuroscience, University College London, UK",459-465,TARGET ARTICLE WITH COMMENTARIES,https://onlinelibrary.wiley.com/doi/10.1111/j.1467-7687.2005.00434.x,https://onlinelibrary.wiley.com/doi/epdf/10.1111/j.1467-7687.2005.00434.x,Citations: 87
Developmental Science,8, 6,2005,Paving the way towards meaningful interactions between neuroscience and education,Daniel Ansari,"Numerical Cognition Laboratory, Department of Education, Dartmouth College, USA",466-467,TARGET ARTICLE WITH COMMENTARIES,https://onlinelibrary.wiley.com/doi/10.1111/j.1467-7687.2005.00435.x,https://onlinelibrary.wiley.com/doi/epdf/10.1111/j.1467-7687.2005.00435.x,Citations: 6
Developmental Science,8, 6,2005,The brain in the classroom? The state of the art,Usha Goswami,"Centre for Neuroscience in Education, University of Cambridge, UK",467-469,TARGET ARTICLE WITH COMMENTARIES,https://onlinelibrary.wiley.com/doi/10.1111/j.1467-7687.2005.00436.x,https://onlinelibrary.wiley.com/doi/epdf/10.1111/j.1467-7687.2005.00436.x,Citations: 5
Developmental Science,8, 6,2005,An invaluable foundation for better bridges,Paul Howard-Jones,"Graduate School of Education, University of Bristol, UK",469-471,TARGET ARTICLE WITH COMMENTARIES,https://onlinelibrary.wiley.com/doi/10.1111/j.1467-7687.2005.00437.x,https://onlinelibrary.wiley.com/doi/epdf/10.1111/j.1467-7687.2005.00437.x,Citations: 4
Developmental Science,8, 6,2005,Young children's rapid learning about artifacts,"Krista Casler, Deborah Kelemen","Department of Psychology, Boston University, USA; Department of Psychology, Boston University, USA",472-480,REPORTS,https://onlinelibrary.wiley.com/doi/10.1111/j.1467-7687.2005.00438.x,https://onlinelibrary.wiley.com/doi/epdf/10.1111/j.1467-7687.2005.00438.x,Citations: 115
Developmental Science,8, 6,2005,Foundations for self and other: a study in autism,"R. Peter Hobson, Jessica A. Meyer","Developmental Psychopathology Research Unit, Tavistock Clinic, London and Institute of Child Health, University College London, UK; Developmental Psychopathology Research Unit, Tavistock Clinic, London and Institute of Child Health, University College London, UK",481-491,REPORTS,https://onlinelibrary.wiley.com/doi/10.1111/j.1467-7687.2005.00439.x,https://onlinelibrary.wiley.com/doi/epdf/10.1111/j.1467-7687.2005.00439.x,Citations: 76
Developmental Science,8, 6,N/A,One-year-olds comprehend the communicative intentions behind gestures in a hiding game,"Tanya Behne, Malinda Carpenter, Michael Tomasello",N/A,492-499,REPORTS,https://onlinelibrary.wiley.com/doi/10.1111/j.1467-7687.2005.00440.x,https://onlinelibrary.wiley.com/doi/epdf/10.1111/j.1467-7687.2005.00440.x,N/A
Developmental Science,8, 6,2005,Fast mapping between a phrasal form and meaning,"Devin Casenhiser, Adele E. Goldberg","The Milton & Ethel Harris Research Initiative, York University, Canada; Program in Linguistics, Council of Humanities, Princeton University, USA",500-508,REPORTS,https://onlinelibrary.wiley.com/doi/10.1111/j.1467-7687.2005.00441.x,https://onlinelibrary.wiley.com/doi/epdf/10.1111/j.1467-7687.2005.00441.x,Citations: 147
Developmental Science,8, 6,2005,Sensitivity to social contingencies between 1 and 3 months of age,"Tricia Striano, Anne Henning, Daniel Stahl","Max Planck Institute for Evolutionary Anthropology, Cultural Ontogeny, Leipzig, Germany; Max Planck Institute for Human Cognitive and Brain Sciences, Neurocognition and Development, Leipzig, Germany; Center for Advanced Studies, Neurocognition and Development, University of Leipzig, Germany; Max Planck Institute for Evolutionary Anthropology, Cultural Ontogeny, Leipzig, Germany; Max Planck Institute for Evolutionary Anthropology, Developmental and Comparative Psychology, Leipzig, Germany",509-518,REPORTS,https://onlinelibrary.wiley.com/doi/10.1111/j.1467-7687.2005.00442.x,https://onlinelibrary.wiley.com/doi/epdf/10.1111/j.1467-7687.2005.00442.x,Citations: 40
Developmental Science,8, 6,2005,How do parents respond to children's questions about the identity of artifacts?,"Deborah G. Kemler Nelson, Kelly O'Neil","Department of Psychology, Swarthmore College, USA; Department of Psychology, Swarthmore College, USA",519-524,REPORTS,https://onlinelibrary.wiley.com/doi/10.1111/j.1467-7687.2005.00443.x,https://onlinelibrary.wiley.com/doi/epdf/10.1111/j.1467-7687.2005.00443.x,Citations: 10
Developmental Science,8, 6,2005,Maturation of action monitoring from adolescence to adulthood: an ERP study,"Alexandra M. Hogan, Faraneh Vargha-Khadem, Fenella J. Kirkham, Torsten Baldeweg","Developmental Cognitive Neuroscience Unit, Institute of Child Health, University College London, UK; Developmental Cognitive Neuroscience Unit, Institute of Child Health, University College London, UK; Neurosciences Unit, Institute of Child Health, University College London, and Great Ormond Street Hospital for Children, London, UK; Division of Neurosciences, Southampton University Hospital Trust, Southampton, UK; Developmental Cognitive Neuroscience Unit, Institute of Child Health, University College London, UK",525-534,REPORTS,https://onlinelibrary.wiley.com/doi/10.1111/j.1467-7687.2005.00444.x,https://onlinelibrary.wiley.com/doi/epdf/10.1111/j.1467-7687.2005.00444.x,Citations: 108
Developmental Science,8, 6,2005,The development of gaze following and its relation to language,"Rechele Brooks, Andrew N. Meltzoff","Institute for Learning and Brain Sciences, University of Washington, USA; Institute for Learning and Brain Sciences, University of Washington, USA",535-543,REPORTS,https://onlinelibrary.wiley.com/doi/10.1111/j.1467-7687.2005.00445.x,https://onlinelibrary.wiley.com/doi/epdf/10.1111/j.1467-7687.2005.00445.x,Citations: 404
Developmental Science,8, 6,2005,Beyond the distributional input? A developmental investigation of asymmetry in infants’ categorization of cats and dogs,"Stephanie D. Furrer, Barbara A. Younger","Department of Psychological Sciences, Purdue University, USA; Department of Psychological Sciences, Purdue University, USA",544-550,REPORTS,https://onlinelibrary.wiley.com/doi/10.1111/j.1467-7687.2005.00446.x,https://onlinelibrary.wiley.com/doi/epdf/10.1111/j.1467-7687.2005.00446.x,Citations: 17
Developmental Science,8, 6,2005,Children's implicit knowledge of harmony in Western music,"E. Glenn Schellenberg, Emmanuel Bigand, Benedicte Poulin-Charronnat, Cécilia Garnier, Catherine Stevens","Department of Psychology, University of Toronto at Mississauga, Canada; MARCS Auditory Laboratories, University of Western Sydney, Australia; LEAD CNRS, Université de Bourgogne, Dijon, France; LEAD CNRS, Université de Bourgogne, Dijon, France; LEAD CNRS, Université de Bourgogne, Dijon, France; MARCS Auditory Laboratories, University of Western Sydney, Australia",551-566,PAPERS,https://onlinelibrary.wiley.com/doi/10.1111/j.1467-7687.2005.00447.x,https://onlinelibrary.wiley.com/doi/epdf/10.1111/j.1467-7687.2005.00447.x,Citations: 58
Developmental Science,8, 6,2005,Evidence against a maximum response model of exogenous visual orienting during early infancy and support for a dimensional switching model,James L. Dannemiller,"Department of Psychology, University of Wisconsin – Madison, USA",567-582,PAPERS,https://onlinelibrary.wiley.com/doi/10.1111/j.1467-7687.2005.00448.x,https://onlinelibrary.wiley.com/doi/epdf/10.1111/j.1467-7687.2005.00448.x,Citations: 5
Developmental Science,8, 6,2005,What young children do and do not know about the spelling of inflections and derivations,"S. Hélène Deacon, Peter Bryant","Department of Experimental Psychology, University of Oxford, UK; Department of Experimental Psychology, University of Oxford, UK",583-594,PAPERS,https://onlinelibrary.wiley.com/doi/10.1111/j.1467-7687.2005.00449.x,https://onlinelibrary.wiley.com/doi/epdf/10.1111/j.1467-7687.2005.00449.x,Citations: 47
Developmental Science,8, 6,2005,Ambiguous benefits: the effect of bilingualism on reversing ambiguous figures,"Ellen Bialystok, Dana Shapero","Department of Psychology, York University, Toronto, Ontario, Canada; Department of Psychology, York University, Toronto, Ontario, Canada",595-604,PAPERS,https://onlinelibrary.wiley.com/doi/10.1111/j.1467-7687.2005.00451.x,https://onlinelibrary.wiley.com/doi/epdf/10.1111/j.1467-7687.2005.00451.x,Citations: 143
Developmental Science,8, 6,2005,A longitudinal investigation of visual event-related potentials in the first year of life,"Sara J. Webb, Jeffrey D. Long, Charles A. Nelson","Department of Psychiatry and Behavioral Sciences, University of Washington, USA; Department of Educational Psychology, University of Minnesota, USA; Institute of Child Development, Center for Neurobiological Development, Department of Pediatrics, University of Minnesota, USA",605-616,PAPERS,https://onlinelibrary.wiley.com/doi/10.1111/j.1467-7687.2005.00452.x,https://onlinelibrary.wiley.com/doi/epdf/10.1111/j.1467-7687.2005.00452.x,Citations: 101
Developmental Science,8, 6,2005,VOLUME INDEX,,N/A,617-620,VOLUME INDEX,https://onlinelibrary.wiley.com/doi/10.1111/j.1467-7687.2005.00450.x,https://onlinelibrary.wiley.com/doi/epdf/10.1111/j.1467-7687.2005.00450.x,N/A
